{"cameraMode":{"drawMode":0,"name":"Shaded","section":"Shading Mode"},"sceneLighting":false,"audioPlay":false,"sceneViewState":{"m_AlwaysRefresh":false,"showFog":true,"showSkybox":false,"showFlares":true,"showImageEffects":true,"showParticleSystems":true,"showVisualEffectGraphs":true,"m_FxEnabled":true},"in2DMode":false,"pivot":{"x":-2.4665236473083498,"y":-2.1740188598632814,"z":-0.48769044876098635},"rotation":{"x":-0.21633630990982057,"y":0.43534278869628909,"z":-0.10861421376466751,"w":-0.8671091794967651},"size":7.2791337966918949,"orthographic":false}